<?xml version="1.0" encoding="UTF-8"?>
<definitions xmlns="http://www.omg.org/spec/BPMN/20100524/MODEL" xmlns:xsi="http://www.w3.org/2001/XMLSchema-instance" xmlns:xsd="http://www.w3.org/2001/XMLSchema" xmlns:activiti="http://activiti.org/bpmn" xmlns:bpmndi="http://www.omg.org/spec/BPMN/20100524/DI" xmlns:omgdc="http://www.omg.org/spec/DD/20100524/DC" xmlns:omgdi="http://www.omg.org/spec/DD/20100524/DI" typeLanguage="http://www.w3.org/2001/XMLSchema" expressionLanguage="http://www.w3.org/1999/XPath" targetNamespace="http://www.activiti.org/processdef">
  <process id="qingjia" isExecutable="true">
    <startEvent id="sid-9E8B6BA3-541C-4261-A569-6E37BE21A08F"></startEvent>
    <userTask id="sid-B76CFF40-28BB-4590-ACD2-2F72ADB12360" name="张三审批" activiti:assignee="zhangsan"></userTask>
    <userTask id="sid-54E92A62-DE54-45D5-BF72-F3BEAFB2369C" name="李四审批" activiti:assignee="lisi"></userTask>
    <endEvent id="sid-6D9E07A7-6F12-4FD5-88CB-3D9575D3042F"></endEvent>
    <sequenceFlow id="sid-874F6F97-468B-4296-A521-99E516962C88" sourceRef="sid-9E8B6BA3-541C-4261-A569-6E37BE21A08F" targetRef="sid-B76CFF40-28BB-4590-ACD2-2F72ADB12360"></sequenceFlow>
    <sequenceFlow id="sid-7F4660A9-BF20-4E18-BC0F-329EEAB24B43" sourceRef="sid-B76CFF40-28BB-4590-ACD2-2F72ADB12360" targetRef="sid-54E92A62-DE54-45D5-BF72-F3BEAFB2369C"></sequenceFlow>
    <sequenceFlow id="sid-2F31A975-1512-4B7C-A2DC-83EE4E2D37F8" sourceRef="sid-54E92A62-DE54-45D5-BF72-F3BEAFB2369C" targetRef="sid-6D9E07A7-6F12-4FD5-88CB-3D9575D3042F"></sequenceFlow>
  </process>
  <bpmndi:BPMNDiagram id="BPMNDiagram_qingjia">
    <bpmndi:BPMNPlane bpmnElement="qingjia" id="BPMNPlane_qingjia">
      <bpmndi:BPMNShape bpmnElement="sid-9E8B6BA3-541C-4261-A569-6E37BE21A08F" id="BPMNShape_sid-9E8B6BA3-541C-4261-A569-6E37BE21A08F">
        <omgdc:Bounds height="30.0" width="30.0" x="96.09094357669599" y="75.00000859661581"></omgdc:Bounds>
      </bpmndi:BPMNShape>
      <bpmndi:BPMNShape bpmnElement="sid-B76CFF40-28BB-4590-ACD2-2F72ADB12360" id="BPMNShape_sid-B76CFF40-28BB-4590-ACD2-2F72ADB12360">
        <omgdc:Bounds height="80.0" width="100.0" x="165.00000177323886" y="50.000009133961015"></omgdc:Bounds>
      </bpmndi:BPMNShape>
      <bpmndi:BPMNShape bpmnElement="sid-54E92A62-DE54-45D5-BF72-F3BEAFB2369C" id="BPMNShape_sid-54E92A62-DE54-45D5-BF72-F3BEAFB2369C">
        <omgdc:Bounds height="80.0" width="100.0" x="300.00000322407067" y="50.00000967130622"></omgdc:Bounds>
      </bpmndi:BPMNShape>
      <bpmndi:BPMNShape bpmnElement="sid-6D9E07A7-6F12-4FD5-88CB-3D9575D3042F" id="BPMNShape_sid-6D9E07A7-6F12-4FD5-88CB-3D9575D3042F">
        <omgdc:Bounds height="28.0" width="28.0" x="435.0000046749024" y="76.0000104880709"></omgdc:Bounds>
      </bpmndi:BPMNShape>
      <bpmndi:BPMNEdge bpmnElement="sid-7F4660A9-BF20-4E18-BC0F-329EEAB24B43" id="BPMNEdge_sid-7F4660A9-BF20-4E18-BC0F-329EEAB24B43">
        <omgdi:waypoint x="265.00000177323886" y="90.00000933297777"></omgdi:waypoint>
        <omgdi:waypoint x="300.00000322407067" y="90.00000947228948"></omgdi:waypoint>
      </bpmndi:BPMNEdge>
      <bpmndi:BPMNEdge bpmnElement="sid-2F31A975-1512-4B7C-A2DC-83EE4E2D37F8" id="BPMNEdge_sid-2F31A975-1512-4B7C-A2DC-83EE4E2D37F8">
        <omgdi:waypoint x="400.00000322407067" y="90.00001008381363"></omgdi:waypoint>
        <omgdi:waypoint x="435.0000046749024" y="90.00001037256882"></omgdi:waypoint>
      </bpmndi:BPMNEdge>
      <bpmndi:BPMNEdge bpmnElement="sid-874F6F97-468B-4296-A521-99E516962C88" id="BPMNEdge_sid-874F6F97-468B-4296-A521-99E516962C88">
        <omgdi:waypoint x="126.09094357669599" y="90.00000867418535"></omgdi:waypoint>
        <omgdi:waypoint x="165.00000177323886" y="90.00000887539588"></omgdi:waypoint>
      </bpmndi:BPMNEdge>
    </bpmndi:BPMNPlane>
  </bpmndi:BPMNDiagram>
</definitions>